set,GO_ID,term,p,q,k
driver,GO:0015718,monocarboxylic acid transport,1.0079064280729504e-06,0.0001511859642109,4
modulator,GO:0010205,photoinhibition,0.0001251242332002,0.0008758696324018,2
modulator,GO:0010304,PSII associated light-harvesting complex II catabolic process,0.0005573232863865,0.0019506315023529,2
driver,GO:0030665,clathrin-coated vesicle membrane,4.2588342339285385e-05,0.003185734044661,3
driver,GO:0043093,FtsZ-dependent cytokinesis,6.371468089322156e-05,0.003185734044661,2
driver,GO:0015697,quaternary ammonium group transport,0.0001270406235842,0.0047640233844105,2
driver,GO:0000917,division septum assembly,0.0003156678081088,0.0052611301351472,2
driver,GO:0008028,monocarboxylic acid transmembrane transporter activity,0.0003156678081088,0.0052611301351472,2
driver,GO:0030672,synaptic vesicle membrane,0.0002110886872305,0.0052611301351472,2
driver,GO:0032155,obsolete cell division site part,0.0002110886872305,0.0052611301351472,2
driver,GO:0006865,amino acid transport,0.0002689734077581,0.0052611301351472,5
driver,GO:0010289,homogalacturonan biosynthetic process,0.0004405882302951,0.0066088234544272,2
driver,GO:0015739,sialic acid transport,0.000585661497761,0.0067576326664736,2
driver,GO:0006656,phosphatidylcholine biosynthetic process,0.000585661497761,0.0067576326664736,2
driver,GO:0015136,sialic acid transmembrane transporter activity,0.000585661497761,0.0067576326664736,2
driver,GO:0047262,polygalacturonate 4-alpha-galacturonosyltransferase activity,0.0007883285385252,0.0084463771984853,3
modulator,GO:0009944,polarity specification of adaxial/abaxial axis,0.0053184542926108,0.009307295012069,2
modulator,GO:0071495,cellular response to endogenous stimulus,0.0041187305898349,0.009307295012069,2
modulator,GO:0010014,meristem initiation,0.0092618425185706,0.0096511800941642,2
modulator,GO:0048527,lateral root development,0.0077776037065664,0.0096511800941642,2
modulator,GO:0009855,determination of bilateral symmetry,0.0096511800941642,0.0096511800941642,2
driver,GO:0016049,cell growth,0.0009772435318817,0.0097724353188172,5
driver,GO:0015215,nucleotide transmembrane transporter activity,0.0013612649763952,0.0120331672705306,3
driver,GO:0005945,6-phosphofructokinase complex,0.0013637589573268,0.0120331672705306,2
driver,GO:0015780,nucleotide-sugar transmembrane transport,0.001606814559447,0.0129117835410427,2
driver,GO:0003779,actin binding,0.0016354925818654,0.0129117835410427,5
driver,GO:0009595,detection of biotic stimulus,0.0019933248259561,0.0129999445171052,4
driver,GO:0030276,clathrin binding,0.0019270821950622,0.0129999445171052,3
driver,GO:0046854,phosphatidylinositol phosphate biosynthetic process,0.0018083245963434,0.0129999445171052,4
driver,GO:0048488,synaptic vesicle endocytosis,0.001868919131461,0.0129999445171052,2
driver,GO:0015695,organic cation transport,0.0024495581260171,0.0153097382876073,2
driver,GO:0005338,nucleotide-sugar transmembrane transporter activity,0.0027677371070941,0.0166064226425647,2
driver,GO:0030198,extracellular matrix organization,0.0031042541601542,0.0179091586162746,2
driver,GO:0006102,isocitrate metabolic process,0.0038316050256685,0.0202704725411199,2
driver,GO:0034219,carbohydrate transmembrane transport,0.0039189580246165,0.0202704725411199,3
driver,GO:0030036,actin cytoskeleton organization,0.0039189580246165,0.0202704725411199,3
driver,GO:0051493,regulation of cytoskeleton organization,0.0042220931236436,0.0211104656182184,2
driver,GO:0006890,"retrograde vesicle-mediated transport, Golgi to endoplasmic reticulum",0.0044244133674272,0.0214084517778738,3
driver,GO:0022891,transmembrane transporter activity,0.0047251047254219,0.0221489284004152,4
driver,GO:0015114,obsolete phosphate ion transmembrane transporter activity,0.0051571964750306,0.0234418021592301,3
driver,GO:0043900,obsolete regulation of multi-organism process,0.0053234446284637,0.0234857851255755,4
driver,GO:1901069,guanosine-containing compound catabolic process,0.0057057139678076,0.0244530598620325,4
driver,GO:0006631,fatty acid metabolic process,0.0066062918268684,0.0267741766644052,3
driver,GO:0009920,cell plate formation involved in plant-type cell wall biogenesis,0.0069296963624245,0.0267741766644052,2
driver,GO:0000266,mitochondrial fission,0.0069296963624245,0.0267741766644052,2
driver,GO:0046039,GTP metabolic process,0.0069612859327453,0.0267741766644052,4
driver,GO:0019432,triglyceride biosynthetic process,0.0074401844825539,0.0275572046576454,2
driver,GO:0033044,regulation of chromosome organization,0.007532302606423,0.0275572046576454,3
driver,GO:0010020,chloroplast fission,0.0085104449832952,0.0277514510324846,2
driver,GO:0005801,cis-Golgi network,0.0085104449832952,0.0277514510324846,2
driver,GO:0065003,protein-containing complex assembly,0.0079671546129559,0.0277514510324846,2
driver,GO:0000124,SAGA complex,0.0085104449832952,0.0277514510324846,2
driver,GO:0006002,fructose 6-phosphate metabolic process,0.0085104449832952,0.0277514510324846,2
driver,GO:0030054,cell junction,0.0096453450051779,0.0307830159739722,2
driver,GO:0035435,phosphate ion transmembrane transport,0.010169103884292,0.0313366430758963,3
driver,GO:0017119,Golgi transport complex,0.0102366367381261,0.0313366430758963,2
driver,GO:0010051,xylem and phloem pattern formation,0.0107527325466638,0.0322581976399916,3
driver,GO:0008643,carbohydrate transport,0.0122952962745835,0.0341536007627319,3
driver,GO:0009741,response to brassinosteroid,0.0122084902224526,0.0341536007627319,4
driver,GO:0004190,aspartic-type endopeptidase activity,0.0117841200926412,0.0341536007627319,4
driver,GO:0003872,6-phosphofructokinase activity,0.012103994609977,0.0341536007627319,2
driver,GO:0006816,calcium ion transport,0.0135399498078095,0.0368851703577512,4
driver,GO:0048364,root development,0.0137704636002271,0.0368851703577512,4
driver,GO:0061615,glycolytic process through fructose-6-phosphate,0.0148061714946506,0.0382918228309929,2
driver,GO:0051258,protein polymerization,0.0148061714946506,0.0382918228309929,2
driver,GO:0009933,meristem structural organization,0.0172588666218392,0.0438784744623032,3
driver,GO:0044275,obsolete cellular carbohydrate catabolic process,0.0177421909876736,0.0443554774691841,2
driver,GO:0015992,proton transmembrane transport,0.0188535747406429,0.0463612493622366,3
driver,GO:0009850,auxin metabolic process,0.0192949393706612,0.0466813049290192,2
driver,GO:0030131,clathrin adaptor complex,0.0200919915659619,0.0470906052327234,2
driver,GO:0030433,obsolete ubiquitin-dependent ERAD pathway,0.0200919915659619,0.0470906052327234,2
driver,GO:0006862,nucleotide transport,0.0205273075879878,0.0473707098184335,3
driver,GO:0001727,lipid kinase activity,0.0209026388166179,0.0475059973104952,2
driver,GO:0097305,response to alcohol,0.0222802035620938,0.0497738684819847,3
driver,GO:0043424,protein histidine kinase binding,0.0225641537118331,0.0497738684819847,2
driver,GO:0030163,protein catabolic process,0.0231863546831427,0.0504051188763973,3
driver,GO:0005938,cell cortex,0.0260441676256017,0.0558089306262893,2
driver,GO:0005351,carbohydrate:proton symporter activity,0.0269460756884545,0.0569283289192701,2
driver,GO:0042439,obsolete ethanolamine-containing compound metabolic process,0.0287872321572837,0.0583524976161156,2
driver,GO:0009266,response to temperature stimulus,0.0280138463319996,0.0583524976161156,3
driver,GO:0000902,cell morphogenesis,0.0285237402599083,0.0583524976161156,3
driver,GO:0005811,lipid droplet,0.0306772900408648,0.0613545800817296,2
driver,GO:0006972,hyperosmotic response,0.0327796526922775,0.0646187985194588,3
driver,GO:0006487,protein N-linked glycosylation,0.0333336543985156,0.0646187985194588,3
driver,GO:0007017,microtubule-based process,0.0336017752301186,0.0646187985194588,2
driver,GO:0046835,carbohydrate phosphorylation,0.0345999268567387,0.0656960636520356,2
driver,GO:0018130,obsolete heterocycle biosynthetic process,0.0366304515719402,0.0678341695776671,2
driver,GO:0009657,plastid organization,0.0366304515719402,0.0678341695776671,2
driver,GO:0080031,methyl salicylate esterase activity,0.0408248882831777,0.0737799185840562,2
driver,GO:0016998,cell wall macromolecule catabolic process,0.0408248882831777,0.0737799185840562,2
driver,GO:0010091,trichome branching,0.0419005681129367,0.0739421790228296,2
driver,GO:0080032,methyl jasmonate esterase activity,0.0419005681129367,0.0739421790228296,2
driver,GO:0045132,meiotic chromosome segregation,0.0429868334678791,0.0744900697510849,2
driver,GO:0006338,chromatin remodeling,0.0440835645207085,0.0744900697510849,2
driver,GO:0009524,phragmoplast,0.0441307995585385,0.0744900697510849,3
driver,GO:0006368,transcription elongation by RNA polymerase II,0.0451906423156582,0.0744900697510849,2
driver,GO:0009504,cell plate,0.0451906423156582,0.0744900697510849,2
driver,GO:0080030,methyl indole-3-acetate esterase activity,0.0451906423156582,0.0744900697510849,2
driver,GO:0046685,response to arsenic-containing substance,0.0463079487630639,0.0746902399404257,2
driver,GO:0050253,retinyl-palmitate esterase activity,0.0463079487630639,0.0746902399404257,2
driver,GO:0007268,chemical synaptic transmission,0.0485727795547592,0.0769653420590273,2
driver,GO:0005198,structural molecule activity,0.0487447166373839,0.0769653420590273,3
driver,GO:0001522,pseudouridine synthesis,0.0497200720018298,0.0776876125028591,2
driver,GO:0000325,plant-type vacuole,0.0508771292962818,0.0786759731385802,2
driver,GO:0022613,ribonucleoprotein complex biogenesis,0.05204383759865,0.0796589350999745,2
driver,GO:0000394,"RNA splicing, via endonucleolytic cleavage and ligation",0.0528799654003134,0.0798301258554899,3
driver,GO:0006367,transcription initiation at RNA polymerase II promoter,0.0532200839036599,0.0798301258554899,2
driver,GO:0009855,determination of bilateral symmetry,0.0571788255159709,0.0849190477959963,3
driver,GO:0000087,mitotic M phase,0.0601341329118575,0.0875739799687245,3
driver,GO:0000023,maltose metabolic process,0.0601341329118575,0.0875739799687245,3
driver,GO:0003684,damaged DNA binding,0.0617115524555199,0.089007046810846,2
driver,GO:0016132,brassinosteroid biosynthetic process,0.063927174142584,0.0913245344894058,3
driver,GO:0006970,response to osmotic stress,0.0654828620398431,0.091798404728752,2
driver,GO:0010029,regulation of seed germination,0.0654828620398431,0.091798404728752,2
driver,GO:0046164,alcohol catabolic process,0.0667568014464955,0.0927177797867993,2
driver,GO:0003887,DNA-directed DNA polymerase activity,0.0680389859918094,0.0936316320988203,2
driver,GO:0009636,response to toxic substance,0.0719339880307286,0.097208091933417,2
driver,GO:0090406,pollen tube,0.0719339880307286,0.097208091933417,2
driver,GO:0002831,regulation of response to biotic stimulus,0.0732481345019294,0.0972320369494638,2
driver,GO:0030048,actin filament-based movement,0.0732481345019294,0.0972320369494638,2
driver,GO:0006897,endocytosis,0.0745700205809157,0.0981184481327838,2
driver,GO:0043621,obsolete protein self-association,0.0758995474149626,0.0989994096716903,2
driver,GO:0016702,"oxidoreductase activity, acting on single donors with incorporation of molecular oxygen, incorporation of two atoms of oxygen",0.0910010921407349,0.1176738260440537,2
driver,GO:0010498,proteasomal protein catabolic process,0.103948808815719,0.1321383162911682,2
driver,GO:0019226,transmission of nerve impulse,0.103948808815719,0.1321383162911682,2
driver,GO:0030126,COPI vesicle coat,0.1098560209044164,0.1339707572005078,2
driver,GO:0042254,ribosome biogenesis,0.1098560209044164,0.1339707572005078,2
driver,GO:0070838,metal ion transport,0.1098560209044164,0.1339707572005078,2
driver,GO:0040029,epigenetic regulation of gene expression,0.1083709155174421,0.1339707572005078,2
driver,GO:0000790,chromatin,0.1098560209044164,0.1339707572005078,2
driver,GO:0004872,signaling receptor activity,0.1128423453066875,0.1365028370645414,2
driver,GO:0019901,protein kinase binding,0.1158496172831555,0.1390195407397866,2
driver,GO:0000956,nuclear-transcribed mRNA catabolic process,0.117360909474469,0.1397153684219869,2
driver,GO:0000272,polysaccharide catabolic process,0.1219244697842438,0.1440052792727289,2
driver,GO:0048439,flower morphogenesis,0.1249908077013092,0.1464736027749717,2
driver,GO:0019915,lipid storage,0.1265309375076913,0.1471289971019667,2
driver,GO:0051790,short-chain fatty acid biosynthetic process,0.1296247439817028,0.1473008454337532,2
driver,GO:0009846,pollen germination,0.1296247439817028,0.1473008454337532,2
driver,GO:0032446,protein modification by small protein conjugation,0.1296247439817028,0.1473008454337532,2
driver,GO:0006084,acetyl-CoA metabolic process,0.1358644821552634,0.1532306189721016,2
driver,GO:0015979,photosynthesis,0.1453457881625162,0.1614953201805736,2
driver,GO:0009086,methionine biosynthetic process,0.1453457881625162,0.1614953201805736,2
driver,GO:0050826,response to freezing,0.1517413008532128,0.1673617288822201,2
driver,GO:0016746,acyltransferase activity,0.1646923011602381,0.1803200377666841,2
driver,GO:0050662,obsolete coenzyme binding,0.1794833888915093,0.1950906400994666,2
driver,GO:0007154,cell communication,0.1861214899880741,0.2008505287641087,2
driver,GO:1900378,positive regulation of secondary metabolite biosynthetic process,0.1911228357765103,0.2047744669034039,2
driver,GO:0009630,gravitropism,0.1927939948763775,0.2050999945493377,2
driver,GO:0010182,sugar mediated signaling pathway,0.1978188513204892,0.2089635753385449,2
driver,GO:0010014,meristem initiation,0.2096031978659698,0.2198634942650032,2
driver,GO:0009832,plant-type cell wall biogenesis,0.2112927505274038,0.2200966151327123,2
driver,GO:0016226,iron-sulfur cluster assembly,0.2248544625194794,0.2311781952692701,2
driver,GO:0007062,sister chromatid cohesion,0.2265546313638847,0.2311781952692701,2
driver,GO:0009963,positive regulation of flavonoid biosynthetic process,0.2265546313638847,0.2311781952692701,2
driver,GO:0004497,monooxygenase activity,0.2282557479870949,0.2313402851220556,2
driver,GO:0030003,intracellular monoatomic cation homeostasis,0.2316606453725669,0.2332154148045976,2
driver,GO:0007186,G protein-coupled receptor signaling pathway,0.2333643375106212,0.2333643375106212,2
